{
    "format_version": "1.8.0",
    "render_controllers": {
        "controller.render.chicken": {
            "arrays": {
                "textures": {
                    "Array.skins": [
                        "Texture.chicken",
                        "Texture.explosive_chicken"
                    ]
                }
            },
            "geometry": "geometry.default",
            "materials": [
                {
                    "*": "Material.default"
                },
                {
                    "leg*": "Material.legs"
                }
            ],
            "textures": [
                "Array.skins[query.variant]"
            ]
        }
    }
}